Topic_modeling_name,model_num,lattice,initialization,mapsize_model,topographic_error,quantization_error
LDA_vector,LDA_vector_model_0_hexa_pca,hexa,pca,"(17, 41)",0.3165680473372781,0.09289189969519694
LDA_vector,LDA_vector_model_0_hexa_random,hexa,random,"(17, 41)",0.32988165680473375,0.09305918745409746
BERT_vector,BERT_vector_model_0_hexa_pca,hexa,pca,"(17, 41)",0.09245562130177515,0.05801918372182966
BERT_vector,BERT_vector_model_0_hexa_random,hexa,random,"(17, 41)",0.01775147928994083,0.09116200425976151
LDA_vector,LDA_vector_model_1_hexa_pca,hexa,pca,"(23, 53)",0.2403846153846154,0.07198207443336022
LDA_vector,LDA_vector_model_1_hexa_random,hexa,random,"(23, 53)",0.04363905325443787,0.06825186416845007
BERT_vector,BERT_vector_model_1_hexa_pca,hexa,pca,"(23, 53)",0.14644970414201183,0.04026439333746157
BERT_vector,BERT_vector_model_1_hexa_random,hexa,random,"(23, 53)",0.03920118343195266,0.0403038958233306
LDA_vector,LDA_vector_model_2_hexa_pca,hexa,pca,"(37, 39)",0.1235207100591716,0.0661731027526249
LDA_vector,LDA_vector_model_2_hexa_random,hexa,random,"(37, 39)",0.15532544378698224,0.06611441119841667
BERT_vector,BERT_vector_model_2_hexa_pca,hexa,pca,"(37, 39)",0.08210059171597633,0.038360358151809146
BERT_vector,BERT_vector_model_2_hexa_random,hexa,random,"(37, 39)",0.08505917159763314,0.03496390194660381
LDA_vector,LDA_vector_model_3_hexa_pca,hexa,pca,"(41, 33)",0.11168639053254438,0.06978656632488846
LDA_vector,LDA_vector_model_3_hexa_random,hexa,random,"(41, 33)",0.1863905325443787,0.07089821416828498
BERT_vector,BERT_vector_model_3_hexa_pca,hexa,pca,"(41, 33)",0.21375739644970415,0.0352036337324527
BERT_vector,BERT_vector_model_3_hexa_random,hexa,random,"(41, 33)",0.13609467455621302,0.03695216825322097
LDA_vector,LDA_vector_model_4_hexa_pca,hexa,pca,"(31, 44)",0.26627218934911245,0.06746114900279333
LDA_vector,LDA_vector_model_4_hexa_random,hexa,random,"(31, 44)",0.24260355029585798,0.06810827253684466
BERT_vector,BERT_vector_model_4_hexa_pca,hexa,pca,"(31, 44)",0.2692307692307692,0.038848659601897734
BERT_vector,BERT_vector_model_4_hexa_random,hexa,random,"(31, 44)",0.16568047337278108,0.04239744709713368
LDA_vector,LDA_vector_model_5_hexa_pca,hexa,pca,"(26, 34)",0.12130177514792899,0.08144869586942464
LDA_vector,LDA_vector_model_5_hexa_random,hexa,random,"(26, 34)",0.1301775147928994,0.08659482714418688
BERT_vector,BERT_vector_model_5_hexa_pca,hexa,pca,"(26, 34)",0.17899408284023668,0.051755086147441766
BERT_vector,BERT_vector_model_5_hexa_random,hexa,random,"(26, 34)",0.5399408284023669,0.05429043387663625
LDA_vector,LDA_vector_model_6_hexa_pca,hexa,pca,"(38, 23)",0.21079881656804733,0.08087403428506236
LDA_vector,LDA_vector_model_6_hexa_random,hexa,random,"(38, 23)",0.053994082840236685,0.08474556295488588
BERT_vector,BERT_vector_model_6_hexa_pca,hexa,pca,"(38, 23)",0.0613905325443787,0.04918099044811356
BERT_vector,BERT_vector_model_6_hexa_random,hexa,random,"(38, 23)",0.17899408284023668,0.05804903647654795
LDA_vector,LDA_vector_model_7_hexa_pca,hexa,pca,"(44, 30)",0.23224852071005916,0.06817338675610544
LDA_vector,LDA_vector_model_7_hexa_random,hexa,random,"(44, 30)",0.13683431952662722,0.07075861802444125
BERT_vector,BERT_vector_model_7_hexa_pca,hexa,pca,"(44, 30)",0.16198224852071005,0.03843188554876441
BERT_vector,BERT_vector_model_7_hexa_random,hexa,random,"(44, 30)",0.3291420118343195,0.0340641625923172
LDA_vector,LDA_vector_model_8_hexa_pca,hexa,pca,"(43, 54)",0.16050295857988164,0.052659222246354095
LDA_vector,LDA_vector_model_8_hexa_random,hexa,random,"(43, 54)",0.17085798816568049,0.05269405584733978
BERT_vector,BERT_vector_model_8_hexa_pca,hexa,pca,"(43, 54)",0.17455621301775148,0.023813501086587002
BERT_vector,BERT_vector_model_8_hexa_random,hexa,random,"(43, 54)",0.6264792899408284,0.030569977175831962
LDA_vector,LDA_vector_model_9_hexa_pca,hexa,pca,"(39, 17)",0.07840236686390532,0.09230621247164332
LDA_vector,LDA_vector_model_9_hexa_random,hexa,random,"(39, 17)",0.03994082840236687,0.0955595363710105
BERT_vector,BERT_vector_model_9_hexa_pca,hexa,pca,"(39, 17)",0.06582840236686391,0.05449848037173457
BERT_vector,BERT_vector_model_9_hexa_random,hexa,random,"(39, 17)",0.15606508875739644,0.06277914439317324
LDA_vector,LDA_vector_model_10_hexa_pca,hexa,pca,"(52, 15)",0.09319526627218935,0.08215267527276182
LDA_vector,LDA_vector_model_10_hexa_random,hexa,random,"(52, 15)",0.25,0.08910960263204677
BERT_vector,BERT_vector_model_10_hexa_pca,hexa,pca,"(52, 15)",0.0695266272189349,0.0531825518532965
BERT_vector,BERT_vector_model_10_hexa_random,hexa,random,"(52, 15)",0.29363905325443784,0.06352162772810732
LDA_vector,LDA_vector_model_11_hexa_pca,hexa,pca,"(30, 23)",0.20118343195266272,0.09098472547637021
LDA_vector,LDA_vector_model_11_hexa_random,hexa,random,"(30, 23)",0.08136094674556213,0.09495964085920339
BERT_vector,BERT_vector_model_11_hexa_pca,hexa,pca,"(30, 23)",0.10798816568047337,0.057879346041689865
BERT_vector,BERT_vector_model_11_hexa_random,hexa,random,"(30, 23)",0.23298816568047337,0.08276479976989252
LDA_vector,LDA_vector_model_12_hexa_pca,hexa,pca,"(27, 34)",0.07840236686390532,0.08100932527647912
LDA_vector,LDA_vector_model_12_hexa_random,hexa,random,"(27, 34)",0.1760355029585799,0.08427623417326359
BERT_vector,BERT_vector_model_12_hexa_pca,hexa,pca,"(27, 34)",0.11094674556213018,0.0548400244845049
BERT_vector,BERT_vector_model_12_hexa_random,hexa,random,"(27, 34)",0.4807692307692308,0.05528579633958957
LDA_vector,LDA_vector_model_13_hexa_pca,hexa,pca,"(49, 38)",0.22337278106508876,0.058152539956111644
LDA_vector,LDA_vector_model_13_hexa_random,hexa,random,"(49, 38)",0.09393491124260354,0.05725056017849705
BERT_vector,BERT_vector_model_13_hexa_pca,hexa,pca,"(49, 38)",0.2559171597633136,0.028920044984496195
BERT_vector,BERT_vector_model_13_hexa_random,hexa,random,"(49, 38)",0.2470414201183432,0.032769611628235246
LDA_vector,LDA_vector_model_14_hexa_pca,hexa,pca,"(30, 35)",0.20414201183431951,0.07649197443689314
LDA_vector,LDA_vector_model_14_hexa_random,hexa,random,"(30, 35)",0.08875739644970414,0.07611900420881236
BERT_vector,BERT_vector_model_14_hexa_pca,hexa,pca,"(30, 35)",0.125,0.0451445011743766
BERT_vector,BERT_vector_model_14_hexa_random,hexa,random,"(30, 35)",0.03254437869822485,0.06052399872920228
LDA_vector,LDA_vector_model_15_hexa_pca,hexa,pca,"(50, 43)",0.17899408284023668,0.05425290426005435
LDA_vector,LDA_vector_model_15_hexa_random,hexa,random,"(50, 43)",0.08949704142011834,0.058274936042457454
BERT_vector,BERT_vector_model_15_hexa_pca,hexa,pca,"(50, 43)",0.27884615384615385,0.02523431962048757
BERT_vector,BERT_vector_model_15_hexa_random,hexa,random,"(50, 43)",0.533284023668639,0.028994871579916988
LDA_vector,LDA_vector_model_16_hexa_pca,hexa,pca,"(42, 45)",0.09615384615384616,0.05715371428772701
LDA_vector,LDA_vector_model_16_hexa_random,hexa,random,"(42, 45)",0.08210059171597633,0.06039646324640756
BERT_vector,BERT_vector_model_16_hexa_pca,hexa,pca,"(42, 45)",0.14571005917159763,0.027374373656201195
BERT_vector,BERT_vector_model_16_hexa_random,hexa,random,"(42, 45)",0.15976331360946747,0.029920645053609026
LDA_vector,LDA_vector_model_17_hexa_pca,hexa,pca,"(19, 52)",0.3254437869822485,0.08000004090340497
LDA_vector,LDA_vector_model_17_hexa_random,hexa,random,"(19, 52)",0.11316568047337278,0.08167598393141341
BERT_vector,BERT_vector_model_17_hexa_pca,hexa,pca,"(19, 52)",0.16124260355029585,0.046136282900018456
BERT_vector,BERT_vector_model_17_hexa_random,hexa,random,"(19, 52)",0.05325443786982249,0.0472442010316298
LDA_vector,LDA_vector_model_18_hexa_pca,hexa,pca,"(35, 47)",0.21893491124260356,0.06228157684652576
LDA_vector,LDA_vector_model_18_hexa_random,hexa,random,"(35, 47)",0.11094674556213018,0.06298128864147529
BERT_vector,BERT_vector_model_18_hexa_pca,hexa,pca,"(35, 47)",0.33875739644970415,0.03437527456919382
BERT_vector,BERT_vector_model_18_hexa_random,hexa,random,"(35, 47)",0.20710059171597633,0.035471075434438906
LDA_vector,LDA_vector_model_19_hexa_pca,hexa,pca,"(25, 29)",0.23298816568047337,0.08828351643146796
LDA_vector,LDA_vector_model_19_hexa_random,hexa,random,"(25, 29)",0.15310650887573965,0.09081313816168908
BERT_vector,BERT_vector_model_19_hexa_pca,hexa,pca,"(25, 29)",0.029585798816568046,0.06505796577601294
BERT_vector,BERT_vector_model_19_hexa_random,hexa,random,"(25, 29)",0.3468934911242604,0.06581136736965228
LDA_vector,LDA_vector_model_20_hexa_pca,hexa,pca,"(41, 30)",0.11464497041420119,0.07334473326452876
LDA_vector,LDA_vector_model_20_hexa_random,hexa,random,"(41, 30)",0.09763313609467456,0.07182568723672682
BERT_vector,BERT_vector_model_20_hexa_pca,hexa,pca,"(41, 30)",0.13757396449704143,0.03793386526741203
BERT_vector,BERT_vector_model_20_hexa_random,hexa,random,"(41, 30)",0.34393491124260356,0.04240540972307601
LDA_vector,LDA_vector_model_21_hexa_pca,hexa,pca,"(17, 17)",0.047337278106508875,0.13281510777416702
LDA_vector,LDA_vector_model_21_hexa_random,hexa,random,"(17, 17)",0.15754437869822485,0.14466876079632945
BERT_vector,BERT_vector_model_21_hexa_pca,hexa,pca,"(17, 17)",0.01849112426035503,0.11675194359128105
BERT_vector,BERT_vector_model_21_hexa_random,hexa,random,"(17, 17)",0.17233727810650887,0.11068251386447613
LDA_vector,LDA_vector_model_22_hexa_pca,hexa,pca,"(46, 34)",0.1886094674556213,0.06445348186789389
LDA_vector,LDA_vector_model_22_hexa_random,hexa,random,"(46, 34)",0.23964497041420119,0.06548849485646979
BERT_vector,BERT_vector_model_22_hexa_pca,hexa,pca,"(46, 34)",0.29363905325443784,0.030944271097587506
BERT_vector,BERT_vector_model_22_hexa_random,hexa,random,"(46, 34)",0.11908284023668639,0.043950482885328046
LDA_vector,LDA_vector_model_23_hexa_pca,hexa,pca,"(53, 19)",0.1834319526627219,0.07598048957848873
LDA_vector,LDA_vector_model_23_hexa_random,hexa,random,"(53, 19)",0.2359467455621302,0.07802900287341658
BERT_vector,BERT_vector_model_23_hexa_pca,hexa,pca,"(53, 19)",0.1227810650887574,0.04184470659549237
BERT_vector,BERT_vector_model_23_hexa_random,hexa,random,"(53, 19)",0.13239644970414202,0.04369862614134504
LDA_vector,LDA_vector_model_24_hexa_pca,hexa,pca,"(49, 20)",0.07988165680473373,0.07820552635285982
LDA_vector,LDA_vector_model_24_hexa_random,hexa,random,"(49, 20)",0.07396449704142012,0.07768520143779492
BERT_vector,BERT_vector_model_24_hexa_pca,hexa,pca,"(49, 20)",0.10428994082840237,0.04276756189781719
BERT_vector,BERT_vector_model_24_hexa_random,hexa,random,"(49, 20)",0.08136094674556213,0.05760104917366506
LDA_vector,LDA_vector_model_25_hexa_pca,hexa,pca,"(24, 39)",0.1997041420118343,0.07743726158197399
LDA_vector,LDA_vector_model_25_hexa_random,hexa,random,"(24, 39)",0.10428994082840237,0.08393177167260357
BERT_vector,BERT_vector_model_25_hexa_pca,hexa,pca,"(24, 39)",0.246301775147929,0.05160382247788379
BERT_vector,BERT_vector_model_25_hexa_random,hexa,random,"(24, 39)",0.3690828402366864,0.05159326404173968
LDA_vector,LDA_vector_model_26_hexa_pca,hexa,pca,"(51, 38)",0.1338757396449704,0.0573886693846373
LDA_vector,LDA_vector_model_26_hexa_random,hexa,random,"(51, 38)",0.15236686390532544,0.05676822431155004
BERT_vector,BERT_vector_model_26_hexa_pca,hexa,pca,"(51, 38)",0.2485207100591716,0.028582852631369827
BERT_vector,BERT_vector_model_26_hexa_random,hexa,random,"(51, 38)",0.503698224852071,0.027865981954899435
LDA_vector,LDA_vector_model_27_hexa_pca,hexa,pca,"(53, 24)",0.21449704142011836,0.06950116536877798
LDA_vector,LDA_vector_model_27_hexa_random,hexa,random,"(53, 24)",0.1227810650887574,0.07677366076121868
BERT_vector,BERT_vector_model_27_hexa_pca,hexa,pca,"(53, 24)",0.2618343195266272,0.03591674669895285
BERT_vector,BERT_vector_model_27_hexa_random,hexa,random,"(53, 24)",0.3158284023668639,0.039339131427385786
LDA_vector,LDA_vector_model_28_hexa_pca,hexa,pca,"(22, 21)",0.03920118343195266,0.11037599227688479
LDA_vector,LDA_vector_model_28_hexa_random,hexa,random,"(22, 21)",0.11686390532544379,0.11984072027841632
BERT_vector,BERT_vector_model_28_hexa_pca,hexa,pca,"(22, 21)",0.015532544378698224,0.07640287325081292
BERT_vector,BERT_vector_model_28_hexa_random,hexa,random,"(22, 21)",0.2603550295857988,0.08523879560564754
LDA_vector,LDA_vector_model_29_hexa_pca,hexa,pca,"(43, 25)",0.17381656804733728,0.07453571532131956
LDA_vector,LDA_vector_model_29_hexa_random,hexa,random,"(43, 25)",0.20414201183431951,0.07903603921317488
BERT_vector,BERT_vector_model_29_hexa_pca,hexa,pca,"(43, 25)",0.08284023668639054,0.04108847340407401
BERT_vector,BERT_vector_model_29_hexa_random,hexa,random,"(43, 25)",0.27736686390532544,0.048164828108381866
LDA_vector,LDA_vector_model_30_hexa_pca,hexa,pca,"(27, 37)",0.15976331360946747,0.07735237198856877
LDA_vector,LDA_vector_model_30_hexa_random,hexa,random,"(27, 37)",0.17899408284023668,0.08277665776940199
BERT_vector,BERT_vector_model_30_hexa_pca,hexa,pca,"(27, 37)",0.1752958579881657,0.05306326235801165
BERT_vector,BERT_vector_model_30_hexa_random,hexa,random,"(27, 37)",0.16346153846153846,0.05190611893592971
LDA_vector,LDA_vector_model_31_hexa_pca,hexa,pca,"(42, 41)",0.07988165680473373,0.059665479815199915
LDA_vector,LDA_vector_model_31_hexa_random,hexa,random,"(42, 41)",0.16715976331360946,0.06362590410070107
BERT_vector,BERT_vector_model_31_hexa_pca,hexa,pca,"(42, 41)",0.14275147928994084,0.02948793073779616
BERT_vector,BERT_vector_model_31_hexa_random,hexa,random,"(42, 41)",0.10724852071005918,0.031134610835551697
LDA_vector,LDA_vector_model_32_hexa_pca,hexa,pca,"(43, 30)",0.10946745562130178,0.07038560139782607
LDA_vector,LDA_vector_model_32_hexa_random,hexa,random,"(43, 30)",0.09319526627218935,0.07124562886943465
BERT_vector,BERT_vector_model_32_hexa_pca,hexa,pca,"(43, 30)",0.22411242603550297,0.03626057131148179
BERT_vector,BERT_vector_model_32_hexa_random,hexa,random,"(43, 30)",0.10650887573964497,0.0438312102077748
LDA_vector,LDA_vector_model_33_hexa_pca,hexa,pca,"(32, 24)",0.20192307692307693,0.08782943041342779
LDA_vector,LDA_vector_model_33_hexa_random,hexa,random,"(32, 24)",0.1309171597633136,0.0937586153781893
BERT_vector,BERT_vector_model_33_hexa_pca,hexa,pca,"(32, 24)",0.14127218934911243,0.05387681363570913
BERT_vector,BERT_vector_model_33_hexa_random,hexa,random,"(32, 24)",0.15680473372781065,0.05684827423641185
LDA_vector,LDA_vector_model_34_hexa_pca,hexa,pca,"(54, 48)",0.22189349112426035,0.0498855932588658
LDA_vector,LDA_vector_model_34_hexa_random,hexa,random,"(54, 48)",0.16937869822485208,0.045621164924824355
BERT_vector,BERT_vector_model_34_hexa_pca,hexa,pca,"(54, 48)",0.15014792899408283,0.022756909963233065
BERT_vector,BERT_vector_model_34_hexa_random,hexa,random,"(54, 48)",0.3801775147928994,0.028319104838416532
LDA_vector,LDA_vector_model_35_hexa_pca,hexa,pca,"(26, 22)",0.07174556213017752,0.10177386802029838
LDA_vector,LDA_vector_model_35_hexa_random,hexa,random,"(26, 22)",0.047337278106508875,0.10572692278983546
BERT_vector,BERT_vector_model_35_hexa_pca,hexa,pca,"(26, 22)",0.040680473372781065,0.0647027721076657
BERT_vector,BERT_vector_model_35_hexa_random,hexa,random,"(26, 22)",0.2403846153846154,0.0723299857559443
LDA_vector,LDA_vector_model_36_hexa_pca,hexa,pca,"(32, 44)",0.20414201183431951,0.06653141228861555
LDA_vector,LDA_vector_model_36_hexa_random,hexa,random,"(32, 44)",0.17233727810650887,0.06578289319416757
BERT_vector,BERT_vector_model_36_hexa_pca,hexa,pca,"(32, 44)",0.22115384615384615,0.033520406927570134
BERT_vector,BERT_vector_model_36_hexa_random,hexa,random,"(32, 44)",0.05621301775147929,0.0403238272326718
LDA_vector,LDA_vector_model_37_hexa_pca,hexa,pca,"(34, 25)",0.27736686390532544,0.08342332224660524
LDA_vector,LDA_vector_model_37_hexa_random,hexa,random,"(34, 25)",0.22411242603550297,0.08671101193354462
BERT_vector,BERT_vector_model_37_hexa_pca,hexa,pca,"(34, 25)",0.08949704142011834,0.05013608336601501
BERT_vector,BERT_vector_model_37_hexa_random,hexa,random,"(34, 25)",0.05029585798816568,0.07185011897324999
LDA_vector,LDA_vector_model_38_hexa_pca,hexa,pca,"(26, 26)",0.0650887573964497,0.09133016451160787
LDA_vector,LDA_vector_model_38_hexa_random,hexa,random,"(26, 26)",0.15162721893491124,0.08933774639561164
BERT_vector,BERT_vector_model_38_hexa_pca,hexa,pca,"(26, 26)",0.06360946745562131,0.05925498456342802
BERT_vector,BERT_vector_model_38_hexa_random,hexa,random,"(26, 26)",0.07248520710059171,0.05885458509106745
LDA_vector,LDA_vector_model_39_hexa_pca,hexa,pca,"(45, 37)",0.14940828402366865,0.0619670043533831
LDA_vector,LDA_vector_model_39_hexa_random,hexa,random,"(45, 37)",0.1952662721893491,0.05878076821556002
BERT_vector,BERT_vector_model_39_hexa_pca,hexa,pca,"(45, 37)",0.26331360946745563,0.03068309885995586
BERT_vector,BERT_vector_model_39_hexa_random,hexa,random,"(45, 37)",0.4156804733727811,0.036679652641048166
LDA_vector,LDA_vector_model_40_hexa_pca,hexa,pca,"(35, 42)",0.14275147928994084,0.06608838229441605
LDA_vector,LDA_vector_model_40_hexa_random,hexa,random,"(35, 42)",0.23076923076923078,0.06768549794866556
BERT_vector,BERT_vector_model_40_hexa_pca,hexa,pca,"(35, 42)",0.125,0.03902987140306175
BERT_vector,BERT_vector_model_40_hexa_random,hexa,random,"(35, 42)",0.2566568047337278,0.03818129717780972
LDA_vector,LDA_vector_model_41_hexa_pca,hexa,pca,"(29, 15)",0.15088757396449703,0.11338878546895573
LDA_vector,LDA_vector_model_41_hexa_random,hexa,random,"(29, 15)",0.08210059171597633,0.11723514724384973
BERT_vector,BERT_vector_model_41_hexa_pca,hexa,pca,"(29, 15)",0.030325443786982247,0.08096777937130716
BERT_vector,BERT_vector_model_41_hexa_random,hexa,random,"(29, 15)",0.5244082840236687,0.09481725763288215
LDA_vector,LDA_vector_model_42_hexa_pca,hexa,pca,"(49, 17)",0.13757396449704143,0.08213286526521149
LDA_vector,LDA_vector_model_42_hexa_random,hexa,random,"(49, 17)",0.04807692307692308,0.08418845947006534
BERT_vector,BERT_vector_model_42_hexa_pca,hexa,pca,"(49, 17)",0.09097633136094675,0.047323354218679
BERT_vector,BERT_vector_model_42_hexa_random,hexa,random,"(49, 17)",0.11686390532544379,0.05578400038439668
LDA_vector,LDA_vector_model_43_hexa_pca,hexa,pca,"(36, 35)",0.2603550295857988,0.06979475620149342
LDA_vector,LDA_vector_model_43_hexa_random,hexa,random,"(36, 35)",0.22411242603550297,0.07089621127109084
BERT_vector,BERT_vector_model_43_hexa_pca,hexa,pca,"(36, 35)",0.15310650887573965,0.03979290989776513
BERT_vector,BERT_vector_model_43_hexa_random,hexa,random,"(36, 35)",0.19230769230769232,0.047214475061489486
LDA_vector,LDA_vector_model_44_hexa_pca,hexa,pca,"(30, 20)",0.15458579881656806,0.10004099672126338
LDA_vector,LDA_vector_model_44_hexa_random,hexa,random,"(30, 20)",0.2559171597633136,0.09838503700873642
BERT_vector,BERT_vector_model_44_hexa_pca,hexa,pca,"(30, 20)",0.08284023668639054,0.06187831564906142
BERT_vector,BERT_vector_model_44_hexa_random,hexa,random,"(30, 20)",0.04363905325443787,0.06902101990922965
LDA_vector,LDA_vector_model_45_hexa_pca,hexa,pca,"(31, 43)",0.13757396449704143,0.06865781313901793
LDA_vector,LDA_vector_model_45_hexa_random,hexa,random,"(31, 43)",0.18269230769230768,0.06922786485782034
BERT_vector,BERT_vector_model_45_hexa_pca,hexa,pca,"(31, 43)",0.2588757396449704,0.03832286929121579
BERT_vector,BERT_vector_model_45_hexa_random,hexa,random,"(31, 43)",0.24186390532544377,0.05045585619685511
LDA_vector,LDA_vector_model_46_hexa_pca,hexa,pca,"(40, 52)",0.14053254437869822,0.05496885880626244
LDA_vector,LDA_vector_model_46_hexa_random,hexa,random,"(40, 52)",0.09171597633136094,0.05347671068681147
BERT_vector,BERT_vector_model_46_hexa_pca,hexa,pca,"(40, 52)",0.23298816568047337,0.026214508832669715
BERT_vector,BERT_vector_model_46_hexa_random,hexa,random,"(40, 52)",0.1242603550295858,0.03094680964685664
LDA_vector,LDA_vector_model_47_hexa_pca,hexa,pca,"(25, 39)",0.17751479289940827,0.07862242152719898
LDA_vector,LDA_vector_model_47_hexa_random,hexa,random,"(25, 39)",0.12721893491124261,0.08285696713714938
BERT_vector,BERT_vector_model_47_hexa_pca,hexa,pca,"(25, 39)",0.17825443786982248,0.04827597807338735
BERT_vector,BERT_vector_model_47_hexa_random,hexa,random,"(25, 39)",0.4718934911242604,0.04826693463081974
LDA_vector,LDA_vector_model_48_hexa_pca,hexa,pca,"(46, 30)",0.1841715976331361,0.0668400241116241
LDA_vector,LDA_vector_model_48_hexa_random,hexa,random,"(46, 30)",0.17899408284023668,0.06961248973932666
BERT_vector,BERT_vector_model_48_hexa_pca,hexa,pca,"(46, 30)",0.11242603550295859,0.0376489029567448
BERT_vector,BERT_vector_model_48_hexa_random,hexa,random,"(46, 30)",0.4970414201183432,0.03484617519631797
LDA_vector,LDA_vector_model_49_hexa_pca,hexa,pca,"(48, 32)",0.15458579881656806,0.06414850149426564
LDA_vector,LDA_vector_model_49_hexa_random,hexa,random,"(48, 32)",0.10946745562130178,0.06177659776642551
BERT_vector,BERT_vector_model_49_hexa_pca,hexa,pca,"(48, 32)",0.15902366863905326,0.030952599048177
BERT_vector,BERT_vector_model_49_hexa_random,hexa,random,"(48, 32)",0.17455621301775148,0.03254955994297013
LDA_vector,LDA_vector_model_50_hexa_pca,hexa,pca,"(48, 45)",0.15384615384615385,0.05383836188749445
LDA_vector,LDA_vector_model_50_hexa_random,hexa,random,"(48, 45)",0.3047337278106509,0.05738736568265951
BERT_vector,BERT_vector_model_50_hexa_pca,hexa,pca,"(48, 45)",0.128698224852071,0.025222248857510156
BERT_vector,BERT_vector_model_50_hexa_random,hexa,random,"(48, 45)",0.09763313609467456,0.03565493057298923
LDA_vector,LDA_vector_model_51_hexa_pca,hexa,pca,"(53, 46)",0.08653846153846154,0.05059429859358082
LDA_vector,LDA_vector_model_51_hexa_random,hexa,random,"(53, 46)",0.09541420118343195,0.04679831008234826
BERT_vector,BERT_vector_model_51_hexa_pca,hexa,pca,"(53, 46)",0.20192307692307693,0.02243180112614174
BERT_vector,BERT_vector_model_51_hexa_random,hexa,random,"(53, 46)",0.41420118343195267,0.030127375221137648
LDA_vector,LDA_vector_model_52_hexa_pca,hexa,pca,"(19, 25)",0.14423076923076922,0.10829676635285343
LDA_vector,LDA_vector_model_52_hexa_random,hexa,random,"(19, 25)",0.09393491124260354,0.11373316516501754
BERT_vector,BERT_vector_model_52_hexa_pca,hexa,pca,"(19, 25)",0.03772189349112426,0.08601643415864993
BERT_vector,BERT_vector_model_52_hexa_random,hexa,random,"(19, 25)",0.17085798816568049,0.09796880365093687
LDA_vector,LDA_vector_model_53_hexa_pca,hexa,pca,"(46, 44)",0.22485207100591717,0.055734297114265065
LDA_vector,LDA_vector_model_53_hexa_random,hexa,random,"(46, 44)",0.21449704142011836,0.05415102266158607
BERT_vector,BERT_vector_model_53_hexa_pca,hexa,pca,"(46, 44)",0.16568047337278108,0.026513020000635826
BERT_vector,BERT_vector_model_53_hexa_random,hexa,random,"(46, 44)",0.20857988165680474,0.03257293090577268
LDA_vector,LDA_vector_model_54_hexa_pca,hexa,pca,"(40, 23)",0.30177514792899407,0.07950917977066961
LDA_vector,LDA_vector_model_54_hexa_random,hexa,random,"(40, 23)",0.2551775147928994,0.08321865431694712
BERT_vector,BERT_vector_model_54_hexa_pca,hexa,pca,"(40, 23)",0.07100591715976332,0.047149548395491916
BERT_vector,BERT_vector_model_54_hexa_random,hexa,random,"(40, 23)",0.3217455621301775,0.04893188650966467
LDA_vector,LDA_vector_model_55_hexa_pca,hexa,pca,"(41, 49)",0.21227810650887574,0.05662506452287853
LDA_vector,LDA_vector_model_55_hexa_random,hexa,random,"(41, 49)",0.16420118343195267,0.056750515649986656
BERT_vector,BERT_vector_model_55_hexa_pca,hexa,pca,"(41, 49)",0.16937869822485208,0.030434978478759547
BERT_vector,BERT_vector_model_55_hexa_random,hexa,random,"(41, 49)",0.03550295857988166,0.0320370819705527
LDA_vector,LDA_vector_model_56_hexa_pca,hexa,pca,"(52, 37)",0.20192307692307693,0.05755141516659548
LDA_vector,LDA_vector_model_56_hexa_random,hexa,random,"(52, 37)",0.15902366863905326,0.06059664548865005
BERT_vector,BERT_vector_model_56_hexa_pca,hexa,pca,"(52, 37)",0.09985207100591716,0.026728783216989724
BERT_vector,BERT_vector_model_56_hexa_random,hexa,random,"(52, 37)",0.2625739644970414,0.027207256808994
LDA_vector,LDA_vector_model_57_hexa_pca,hexa,pca,"(49, 39)",0.16937869822485208,0.057696797309969905
LDA_vector,LDA_vector_model_57_hexa_random,hexa,random,"(49, 39)",0.21375739644970415,0.05971632704489005
BERT_vector,BERT_vector_model_57_hexa_pca,hexa,pca,"(49, 39)",0.2943786982248521,0.028657528637781055
BERT_vector,BERT_vector_model_57_hexa_random,hexa,random,"(49, 39)",0.22115384615384615,0.03136028656743549
LDA_vector,LDA_vector_model_58_hexa_pca,hexa,pca,"(46, 25)",0.21079881656804733,0.07313528738661645
LDA_vector,LDA_vector_model_58_hexa_random,hexa,random,"(46, 25)",0.20784023668639054,0.07490426963734136
BERT_vector,BERT_vector_model_58_hexa_pca,hexa,pca,"(46, 25)",0.10428994082840237,0.04138803493200593
BERT_vector,BERT_vector_model_58_hexa_random,hexa,random,"(46, 25)",0.23890532544378698,0.05990192197789996
LDA_vector,LDA_vector_model_59_hexa_pca,hexa,pca,"(50, 43)",0.17899408284023668,0.05425290426005435
LDA_vector,LDA_vector_model_59_hexa_random,hexa,random,"(50, 43)",0.08949704142011834,0.058274936042457454
BERT_vector,BERT_vector_model_59_hexa_pca,hexa,pca,"(50, 43)",0.27884615384615385,0.02523431962048757
BERT_vector,BERT_vector_model_59_hexa_random,hexa,random,"(50, 43)",0.533284023668639,0.028994871579916988
LDA_vector,LDA_vector_model_60_hexa_pca,hexa,pca,"(21, 41)",0.21079881656804733,0.08329532921894485
LDA_vector,LDA_vector_model_60_hexa_random,hexa,random,"(21, 41)",0.11760355029585799,0.08512255631141359
BERT_vector,BERT_vector_model_60_hexa_pca,hexa,pca,"(21, 41)",0.14718934911242604,0.05480526724233451
BERT_vector,BERT_vector_model_60_hexa_random,hexa,random,"(21, 41)",0.1834319526627219,0.07434768611542149
LDA_vector,LDA_vector_model_61_hexa_pca,hexa,pca,"(17, 15)",0.06878698224852071,0.1402129803462803
LDA_vector,LDA_vector_model_61_hexa_random,hexa,random,"(17, 15)",0.0628698224852071,0.14556576454935077
BERT_vector,BERT_vector_model_61_hexa_pca,hexa,pca,"(17, 15)",0.019970414201183433,0.12219467911643042
BERT_vector,BERT_vector_model_61_hexa_random,hexa,random,"(17, 15)",0.22928994082840237,0.12218750491864677
LDA_vector,LDA_vector_model_62_hexa_pca,hexa,pca,"(43, 49)",0.3187869822485207,0.0551307295316711
LDA_vector,LDA_vector_model_62_hexa_random,hexa,random,"(43, 49)",0.05695266272189349,0.05654517661436485
BERT_vector,BERT_vector_model_62_hexa_pca,hexa,pca,"(43, 49)",0.1338757396449704,0.030034287899147485
BERT_vector,BERT_vector_model_62_hexa_random,hexa,random,"(43, 49)",0.22855029585798817,0.026007984691024548
LDA_vector,LDA_vector_model_63_hexa_pca,hexa,pca,"(19, 18)",0.03476331360946745,0.12447544991891066
LDA_vector,LDA_vector_model_63_hexa_random,hexa,random,"(19, 18)",0.036242603550295856,0.1292126152589651
BERT_vector,BERT_vector_model_63_hexa_pca,hexa,pca,"(19, 18)",0.025887573964497042,0.09593949839932377
BERT_vector,BERT_vector_model_63_hexa_random,hexa,random,"(19, 18)",0.04955621301775148,0.11658151417029299
LDA_vector,LDA_vector_model_64_hexa_pca,hexa,pca,"(37, 20)",0.2448224852071006,0.08673063567303085
LDA_vector,LDA_vector_model_64_hexa_random,hexa,random,"(37, 20)",0.07322485207100592,0.09036079121092458
BERT_vector,BERT_vector_model_64_hexa_pca,hexa,pca,"(37, 20)",0.11020710059171597,0.05071878317706493
BERT_vector,BERT_vector_model_64_hexa_random,hexa,random,"(37, 20)",0.09689349112426035,0.06451947299166143
LDA_vector,LDA_vector_model_65_hexa_pca,hexa,pca,"(24, 21)",0.08062130177514792,0.10648203771933043
LDA_vector,LDA_vector_model_65_hexa_random,hexa,random,"(24, 21)",0.15458579881656806,0.10570670750742643
BERT_vector,BERT_vector_model_65_hexa_pca,hexa,pca,"(24, 21)",0.028846153846153848,0.07270164070058883
BERT_vector,BERT_vector_model_65_hexa_random,hexa,random,"(24, 21)",0.3084319526627219,0.08754064742235933
LDA_vector,LDA_vector_model_66_hexa_pca,hexa,pca,"(53, 44)",0.09985207100591716,0.052102576058788444
LDA_vector,LDA_vector_model_66_hexa_random,hexa,random,"(53, 44)",0.3380177514792899,0.05044462203764504
BERT_vector,BERT_vector_model_66_hexa_pca,hexa,pca,"(53, 44)",0.29511834319526625,0.023362253897626077
BERT_vector,BERT_vector_model_66_hexa_random,hexa,random,"(53, 44)",0.3742603550295858,0.022978781523050367
LDA_vector,LDA_vector_model_67_hexa_pca,hexa,pca,"(46, 23)",0.2514792899408284,0.0749757360129206
LDA_vector,LDA_vector_model_67_hexa_random,hexa,random,"(46, 23)",0.10428994082840237,0.0765402785919059
BERT_vector,BERT_vector_model_67_hexa_pca,hexa,pca,"(46, 23)",0.19748520710059173,0.042852434854586174
BERT_vector,BERT_vector_model_67_hexa_random,hexa,random,"(46, 23)",0.22633136094674555,0.047530692539895746
LDA_vector,LDA_vector_model_68_hexa_pca,hexa,pca,"(44, 42)",0.1908284023668639,0.05748814044214246
LDA_vector,LDA_vector_model_68_hexa_random,hexa,random,"(44, 42)",0.13831360946745563,0.059317978293637594
BERT_vector,BERT_vector_model_68_hexa_pca,hexa,pca,"(44, 42)",0.1804733727810651,0.027686611646097106
BERT_vector,BERT_vector_model_68_hexa_random,hexa,random,"(44, 42)",0.23668639053254437,0.04471214305445292
LDA_vector,LDA_vector_model_69_hexa_pca,hexa,pca,"(47, 43)",0.12721893491124261,0.05533704147711841
LDA_vector,LDA_vector_model_69_hexa_random,hexa,random,"(47, 43)",0.17011834319526628,0.057643542487349944
BERT_vector,BERT_vector_model_69_hexa_pca,hexa,pca,"(47, 43)",0.15384615384615385,0.027827227260691947
BERT_vector,BERT_vector_model_69_hexa_random,hexa,random,"(47, 43)",0.14792899408284024,0.04047719149237496
LDA_vector,LDA_vector_model_70_hexa_pca,hexa,pca,"(36, 31)",0.15162721893491124,0.07565978391178785
LDA_vector,LDA_vector_model_70_hexa_random,hexa,random,"(36, 31)",0.13831360946745563,0.07749825365051419
BERT_vector,BERT_vector_model_70_hexa_pca,hexa,pca,"(36, 31)",0.10207100591715976,0.04213113971709062
BERT_vector,BERT_vector_model_70_hexa_random,hexa,random,"(36, 31)",0.21375739644970415,0.053921375040472404
LDA_vector,LDA_vector_model_71_hexa_pca,hexa,pca,"(44, 42)",0.1908284023668639,0.05748814044214246
LDA_vector,LDA_vector_model_71_hexa_random,hexa,random,"(44, 42)",0.13831360946745563,0.059317978293637594
BERT_vector,BERT_vector_model_71_hexa_pca,hexa,pca,"(44, 42)",0.1804733727810651,0.027686611646097106
BERT_vector,BERT_vector_model_71_hexa_random,hexa,random,"(44, 42)",0.23668639053254437,0.04471214305445292
LDA_vector,LDA_vector_model_72_hexa_pca,hexa,pca,"(36, 48)",0.20192307692307693,0.06204460220381926
LDA_vector,LDA_vector_model_72_hexa_random,hexa,random,"(36, 48)",0.19600591715976332,0.061566451195525514
BERT_vector,BERT_vector_model_72_hexa_pca,hexa,pca,"(36, 48)",0.22855029585798817,0.029623001616116158
BERT_vector,BERT_vector_model_72_hexa_random,hexa,random,"(36, 48)",0.13683431952662722,0.0314154006000646
LDA_vector,LDA_vector_model_73_hexa_pca,hexa,pca,"(48, 24)",0.20784023668639054,0.07290410037521275
LDA_vector,LDA_vector_model_73_hexa_random,hexa,random,"(48, 24)",0.15162721893491124,0.07307420424743724
BERT_vector,BERT_vector_model_73_hexa_pca,hexa,pca,"(48, 24)",0.14423076923076922,0.04127105843088059
BERT_vector,BERT_vector_model_73_hexa_random,hexa,random,"(48, 24)",0.3084319526627219,0.04613914018522456
LDA_vector,LDA_vector_model_74_hexa_pca,hexa,pca,"(30, 35)",0.20414201183431951,0.07649197443689314
LDA_vector,LDA_vector_model_74_hexa_random,hexa,random,"(30, 35)",0.08875739644970414,0.07611900420881236
BERT_vector,BERT_vector_model_74_hexa_pca,hexa,pca,"(30, 35)",0.125,0.0451445011743766
BERT_vector,BERT_vector_model_74_hexa_random,hexa,random,"(30, 35)",0.03254437869822485,0.06052399872920228
